{"name":"Recipe Bot","created":"2016-11-10T20:23:34.362Z","intents":[{"intent":"favorite_recipes","created":"2016-11-18T15:19:18.424Z","updated":"2016-12-01T17:45:47.138Z","examples":[{"text":"I want to cook one of my favorites","created":"2016-11-18T15:19:18.424Z","updated":"2016-11-29T17:28:34.396Z"},{"text":"I want to cook something I've cooked before","created":"2016-11-18T15:19:18.424Z","updated":"2016-11-29T17:28:34.396Z"},{"text":"Show me my favorite recipes","created":"2016-11-18T15:19:18.424Z","updated":"2016-11-29T17:28:34.396Z"},{"text":"What are my favorite recipes","created":"2016-11-18T15:19:18.424Z","updated":"2016-11-29T17:28:34.396Z"},{"text":"What have I cooked before","created":"2016-11-18T15:19:18.424Z","updated":"2016-11-29T17:28:34.396Z"},{"text":"What have I cooked in the past","created":"2016-11-18T15:19:18.424Z","updated":"2016-11-29T17:28:34.396Z"}],"description":null},{"intent":"no","created":"2016-11-10T20:23:34.362Z","updated":"2016-11-10T20:23:34.362Z","examples":[{"text":"nah","created":"2016-11-10T20:23:34.362Z","updated":"2016-11-29T17:25:17.123Z"},{"text":"no","created":"2016-11-10T20:23:34.362Z","updated":"2016-11-29T17:25:17.123Z"},{"text":"nope","created":"2016-11-10T20:23:34.362Z","updated":"2016-11-29T17:25:17.123Z"},{"text":"no thanks","created":"2016-11-10T20:23:34.362Z","updated":"2016-11-29T17:25:17.123Z"},{"text":"no way","created":"2016-11-10T20:23:34.362Z","updated":"2016-11-29T17:25:17.123Z"}],"description":null},{"intent":"start_cooking","created":"2016-11-10T20:23:34.362Z","updated":"2016-11-10T20:23:34.362Z","examples":[{"text":"give me a recipe","created":"2016-11-10T20:23:34.362Z","updated":"2016-11-29T17:45:45.271Z"},{"text":"I don't know what to cook","created":"2016-11-10T20:23:34.362Z","updated":"2016-11-29T17:45:45.271Z"},{"text":"i need a recipe suggestion","created":"2016-11-10T20:23:34.362Z","updated":"2016-11-29T17:45:45.271Z"},{"text":"i want a recipe","created":"2016-11-10T20:23:34.362Z","updated":"2016-11-29T17:45:45.271Z"},{"text":"i want to cook","created":"2016-11-10T20:23:34.362Z","updated":"2016-11-29T17:45:45.271Z"},{"text":"i want to cook something","created":"2016-11-10T20:23:34.362Z","updated":"2016-11-29T17:45:45.271Z"},{"text":"let's cook","created":"2016-11-10T20:23:34.362Z","updated":"2016-11-29T17:45:45.271Z"},{"text":"lets cook something","created":"2016-11-10T20:23:34.362Z","updated":"2016-11-29T17:45:45.271Z"},{"text":"what's a good recipe","created":"2016-11-10T20:23:34.362Z","updated":"2016-11-29T17:45:45.271Z"},{"text":"what should I cook?","created":"2016-11-10T20:23:34.362Z","updated":"2016-11-29T17:45:45.271Z"},{"text":"what should I eat?","created":"2016-11-10T20:23:34.362Z","updated":"2016-11-29T17:45:45.271Z"}],"description":null},{"intent":"yes","created":"2016-11-10T20:23:34.362Z","updated":"2016-11-10T20:24:11.925Z","examples":[{"text":"ok","created":"2016-11-10T20:23:34.362Z","updated":"2016-11-29T17:31:45.525Z"},{"text":"sure","created":"2016-11-10T20:24:11.925Z","updated":"2016-11-29T17:31:45.525Z"},{"text":"yas","created":"2016-11-10T20:23:34.362Z","updated":"2016-11-29T17:31:45.525Z"},{"text":"yeah","created":"2016-11-10T20:23:34.362Z","updated":"2016-11-29T17:31:45.525Z"},{"text":"yes","created":"2016-11-10T20:23:34.362Z","updated":"2016-11-29T17:31:45.525Z"},{"text":"yup","created":"2016-11-10T20:23:34.362Z","updated":"2016-11-29T17:31:45.525Z"}],"description":null}],"updated":"2016-12-01T17:45:47.138Z","entities":[{"type":null,"entity":"cuisine","source":null,"values":[{"value":"african","created":"2016-11-10T20:23:34.362Z","updated":"2016-11-10T20:23:34.362Z","metadata":null,"synonyms":[]},{"value":"american","created":"2016-11-10T20:23:34.362Z","updated":"2016-11-10T20:23:34.362Z","metadata":null,"synonyms":[]},{"value":"british","created":"2016-11-10T20:23:34.362Z","updated":"2016-11-10T20:23:34.362Z","metadata":null,"synonyms":[]},{"value":"cajun","created":"2016-11-10T20:23:34.362Z","updated":"2016-11-10T20:23:34.362Z","metadata":null,"synonyms":[]},{"value":"caribbean","created":"2016-11-10T20:23:34.362Z","updated":"2016-11-10T20:23:34.362Z","metadata":null,"synonyms":[]},{"value":"chinese","created":"2016-11-10T20:23:34.362Z","updated":"2016-11-10T20:23:34.362Z","metadata":null,"synonyms":[]},{"value":"eastern european","created":"2016-11-10T20:23:34.362Z","updated":"2016-11-10T20:23:34.362Z","metadata":null,"synonyms":[]},{"value":"french","created":"2016-11-10T20:23:34.362Z","updated":"2016-11-10T20:23:34.362Z","metadata":null,"synonyms":[]},{"value":"german","created":"2016-11-10T20:23:34.362Z","updated":"2016-11-10T20:23:34.362Z","metadata":null,"synonyms":[]},{"value":"greek","created":"2016-11-10T20:23:34.362Z","updated":"2016-11-10T20:23:34.362Z","metadata":null,"synonyms":[]},{"value":"indian","created":"2016-11-10T20:23:34.362Z","updated":"2016-11-10T20:23:34.362Z","metadata":null,"synonyms":[]},{"value":"irish","created":"2016-11-10T20:23:34.362Z","updated":"2016-11-10T20:23:34.362Z","metadata":null,"synonyms":[]},{"value":"italian","created":"2016-11-10T20:23:34.362Z","updated":"2016-11-10T20:23:34.362Z","metadata":null,"synonyms":[]},{"value":"japanese","created":"2016-11-10T20:23:34.362Z","updated":"2016-11-10T20:23:34.362Z","metadata":null,"synonyms":[]},{"value":"jewish","created":"2016-11-10T20:23:34.362Z","updated":"2016-11-10T20:23:34.362Z","metadata":null,"synonyms":[]},{"value":"korean","created":"2016-11-10T20:23:34.362Z","updated":"2016-11-10T20:23:34.362Z","metadata":null,"synonyms":[]},{"value":"latin american","created":"2016-11-10T20:23:34.362Z","updated":"2016-11-10T20:23:34.362Z","metadata":null,"synonyms":[]},{"value":"mexican","created":"2016-11-10T20:23:34.362Z","updated":"2016-11-10T20:23:34.362Z","metadata":null,"synonyms":[]},{"value":"middle eastern","created":"2016-11-10T20:23:34.362Z","updated":"2016-11-10T20:23:34.362Z","metadata":null,"synonyms":[]},{"value":"nordic","created":"2016-11-10T20:23:34.362Z","updated":"2016-11-10T20:23:34.362Z","metadata":null,"synonyms":[]},{"value":"southern","created":"2016-11-10T20:23:34.362Z","updated":"2016-11-10T20:23:34.362Z","metadata":null,"synonyms":[]},{"value":"spanish","created":"2016-11-10T20:23:34.362Z","updated":"2016-11-10T20:23:34.362Z","metadata":null,"synonyms":[]},{"value":"thai","created":"2016-11-10T20:23:34.362Z","updated":"2016-11-10T20:23:34.362Z","metadata":null,"synonyms":[]},{"value":"vietnamese","created":"2016-11-10T20:23:34.362Z","updated":"2016-11-10T20:23:34.362Z","metadata":null,"synonyms":[]}],"created":"2016-11-10T20:23:34.362Z","updated":"2016-11-10T20:23:34.362Z","open_list":false,"description":null}],"language":"en","metadata":{"runtime_version":"2016-09-20"},"description":"Conversational bot for getting recipes.","dialog_nodes":[{"go_to":null,"output":{"text":"Enter your selection:"},"parent":"node_5_1470995072447","context":{"selection":"<?input_text?>","is_selection":true,"is_ingredients":false},"created":"2016-11-10T20:23:34.362Z","updated":"2016-11-18T15:54:16.448Z","metadata":null,"conditions":"true","description":null,"dialog_node":"node_21_1471330497996","previous_sibling":null},{"go_to":null,"output":{"text":"Great, give me the list of ingredients (comma separated).\n\nE.g. onions, tomatoes, cilantro, beef"},"parent":"node_2_1470200792636","context":{"get_recipes":true},"created":"2016-11-10T20:23:34.362Z","updated":"2016-11-10T20:23:34.362Z","metadata":null,"conditions":"#yes","description":null,"dialog_node":"node_4_1470201214332","previous_sibling":"node_2_1470201812278"},{"go_to":null,"output":{"text":"Here is what I've found..."},"parent":"node_4_1470201214332","context":{"is_ingredients":true},"created":"2016-11-10T20:23:34.362Z","updated":"2016-11-10T20:23:34.362Z","metadata":null,"conditions":"true","description":null,"dialog_node":"node_5_1470995072447","previous_sibling":null},{"go_to":null,"output":{"text":"Hi, I'm the Watson RecipeBot. I know a lot about recipes. How can I help you?"},"parent":null,"context":null,"created":"2016-11-10T20:23:34.362Z","updated":"2016-11-18T15:33:50.927Z","metadata":null,"conditions":"conversation_start","description":null,"dialog_node":"node_1_1470199483860","previous_sibling":null},{"go_to":null,"output":{"text":"I can help with that! Are you looking to use specific ingredients?"},"parent":"node_1_1470199483860","context":null,"created":"2016-11-10T20:23:34.362Z","updated":"2016-11-30T15:11:40.317Z","metadata":null,"conditions":"#start_cooking","description":null,"dialog_node":"node_2_1470200792636","previous_sibling":"node_3_1479482731826"},{"go_to":null,"output":{"text":"Let me see what I can find."},"parent":"node_1_1470199483860","context":{"is_favorites":true},"created":"2016-11-18T15:25:32.046Z","updated":"2016-11-18T15:53:58.584Z","metadata":null,"conditions":"#favorite_recipes","description":null,"dialog_node":"node_3_1479482731826","previous_sibling":null},{"go_to":null,"output":{"text":"Ok, why don't you give me a type of cuisine you'd like to cook.\n\nE.g. chinese, italian"},"parent":"node_2_1470200792636","context":{"get_recipes":true},"created":"2016-11-10T20:23:34.362Z","updated":"2016-11-10T20:26:04.385Z","metadata":null,"conditions":"#no","description":null,"dialog_node":"node_2_1470201812278","previous_sibling":null},{"go_to":null,"output":{"text":"Thanks, let's see what I can find."},"parent":"node_2_1470201812278","context":null,"created":"2016-11-10T20:23:34.362Z","updated":"2016-11-18T15:33:15.717Z","metadata":null,"conditions":"@cuisine","description":null,"dialog_node":"node_2_1470991098022","previous_sibling":null},{"go_to":{"return":null,"selector":"body","dialog_node":"node_1_1470199483860"},"output":{"text":"I'm sorry, I'm only interested in recipes.  I hear Siri likes to banter."},"parent":null,"context":null,"created":"2016-11-10T20:23:34.362Z","updated":"2016-11-18T15:25:19.372Z","metadata":null,"conditions":"anything_else","description":null,"dialog_node":"node_2_1470200489267","previous_sibling":"node_1_1470199483860"},{"go_to":{"return":null,"selector":"body","dialog_node":"node_1_1470199483860"},"output":{"text":"True!"},"parent":"node_21_1471330497996","context":{"is_selection":false},"created":"2016-11-10T20:23:34.362Z","updated":"2016-11-10T20:23:34.362Z","metadata":null,"conditions":"$selection_valid == true","description":null,"dialog_node":"node_22_1471330823481","previous_sibling":null},{"go_to":{"return":null,"selector":"body","dialog_node":"node_2_1470201812278"},"output":{"text":"Sorry, I don't recognize the cuisine. Try another type."},"parent":"node_2_1470201812278","context":null,"created":"2016-11-10T20:23:34.362Z","updated":"2016-11-18T15:33:13.091Z","metadata":null,"conditions":"true","description":null,"dialog_node":"node_4_1470990774679","previous_sibling":"node_2_1470991098022"},{"go_to":{"return":null,"selector":"body","dialog_node":"node_5_1470995072447"},"output":{"text":"False!"},"parent":"node_21_1471330497996","context":{"get_recipes":false},"created":"2016-11-10T20:23:34.362Z","updated":"2016-11-10T20:23:34.362Z","metadata":null,"conditions":"$selection_valid == false","description":null,"dialog_node":"node_23_1471337556367","previous_sibling":"node_22_1471330823481"},{"go_to":{"return":null,"selector":"condition","dialog_node":"node_21_1471330497996"},"output":{"text":"Here are your favorite recipes..."},"parent":"node_3_1479482731826","context":{"selection":"<?input_text?>","is_favorites":false,"is_selection":true,"is_ingredients":false},"created":"2016-11-18T15:52:47.217Z","updated":"2016-11-18T15:54:16.788Z","metadata":null,"conditions":"true","description":null,"dialog_node":"node_4_1479484366912","previous_sibling":null},{"go_to":{"return":null,"selector":"condition","dialog_node":"node_21_1471330497996"},"output":{"text":"Here are your results based on cuisine."},"parent":"node_2_1470991098022","context":{"selection":"<?input_text?>","is_selection":true,"is_ingredients":false},"created":"2016-11-10T20:23:34.362Z","updated":"2016-11-10T20:23:34.362Z","metadata":null,"conditions":"true","description":null,"dialog_node":"node_25_1471342933041","previous_sibling":null}],"workspace_id":"a0b5c7d5-5294-464a-8b68-198d618c8e44","counterexamples":[]}